,fecha,cuentas_que_han_realizado_al_menos_un_pago,cuentas_que_han_realizado_al_menos_un_cobro
0,2019-10-23,19089.0,17717.0
1,2019-10-24,19706.0,18257.0
2,2019-10-25,20905.0,19383.0
3,2019-10-28,21367.0,19791.0
4,2019-10-29,22049.0,20371.0
5,2019-10-30,22948.0,21135.0
6,2019-10-31,23796.0,21858.0
7,2019-11-01,25529.0,23454.0
8,2019-11-04,26482.0,24246.0
9,2019-11-05,27401.0,25067.0
10,2019-11-06,28273.0,25833.0
11,2019-11-07,29277.0,26726.0
12,2019-11-08,31484.0,28736.0
13,2019-11-11,32252.0,29440.0
14,2019-11-12,33003.0,30075.0
15,2019-11-13,33885.0,30853.0
16,2019-11-14,35134.0,31395.0
17,2019-11-15,37986.0,34487.0
18,2019-11-19,38795.0,35140.0
19,2019-11-20,39666.0,35861.0
20,2019-11-21,40537.0,36635.0
21,2019-11-22,42626.0,38418.0
22,2019-11-25,43300.0,38953.0
23,2019-11-26,44084.0,39595.0
24,2019-11-27,44951.0,40332.0
25,2019-11-28,45938.0,41134.0
26,2019-11-29,48431.0,43143.0
27,2019-12-02,49372.0,43792.0
28,2019-12-03,50402.0,44604.0
29,2019-12-04,51430.0,45399.0
30,2019-12-05,52819.0,46172.0
31,2019-12-06,54775.0,47821.0
32,2019-12-09,55640.0,48506.0
33,2019-12-10,56541.0,49262.0
34,2019-12-11,57437.0,49997.0
35,2019-12-12,58144.0,50600.0
36,2019-12-13,61898.0,52554.0
37,2019-12-16,62715.0,53211.0
38,2019-12-17,63533.0,53842.0
39,2019-12-18,64328.0,54479.0
40,2019-12-19,65288.0,55283.0
41,2019-12-20,67161.0,57043.0
42,2019-12-23,67708.0,57530.0
43,2019-12-24,68153.0,57924.0
44,2019-12-25,68390.0,58167.0
45,2019-12-26,68890.0,58621.0
46,2019-12-27,70129.0,59738.0
47,2019-12-30,70694.0,60214.0
48,2019-12-31,71128.0,60603.0
49,2020-01-01,71373.0,60849.0
50,2020-01-02,71995.0,61384.0
51,2020-01-03,73717.0,63033.0
52,2020-01-06,74432.0,63637.0
53,2020-01-07,75004.0,64137.0
54,2020-01-08,75670.0,64755.0
55,2020-01-09,76340.0,65295.0
56,2020-01-10,78011.0,66741.0
57,2020-01-13,78775.0,67255.0
58,2020-01-14,79615.0,67890.0
59,2020-01-15,80705.0,68964.0
60,2020-01-16,81513.0,69364.0
61,2020-01-17,83126.0,70758.0
62,2020-01-20,83724.0,71206.0
63,2020-01-21,84253.0,71651.0
64,2020-01-22,84831.0,72101.0
65,2020-01-23,85339.0,72551.0
66,2020-01-24,86583.0,73568.0
67,2020-01-27,87072.0,74075.0
68,2020-01-28,87674.0,74508.0
69,2020-01-29,88362.0,75020.0
70,2020-01-30,89276.0,75765.0
71,2020-01-31,91706.0,77893.0
72,2020-02-04,92387.0,78431.0
73,2020-02-05,93049.0,78971.0
74,2020-02-06,93725.0,79483.0
75,2020-02-07,95106.0,80701.0
76,2020-02-10,95697.0,81190.0
77,2020-02-11,96315.0,81624.0
78,2020-02-12,96984.0,82122.0
79,2020-02-13,97742.0,82730.0
80,2020-02-14,100040.0,84556.0
81,2020-02-17,100753.0,85112.0
82,2020-02-18,101413.0,85621.0
83,2020-02-19,102085.0,86181.0
84,2020-02-20,102808.0,86776.0
85,2020-02-21,104519.0,88163.0
86,2020-02-24,105155.0,88664.0
87,2020-02-25,105796.0,89153.0
88,2020-02-26,106438.0,89657.0
89,2020-02-27,107066.0,90181.0
90,2020-02-28,109102.0,91868.0
91,2020-03-02,109789.0,92418.0
92,2020-03-03,110632.0,93186.0
93,2020-03-04,111518.0,93946.0
94,2020-03-05,112336.0,94611.0
95,2020-03-06,114084.0,96130.0
96,2020-03-09,114659.0,96586.0
97,2020-03-10,115278.0,97070.0
98,2020-03-11,115874.0,97630.0
99,2020-03-12,116552.0,98326.0
100,2020-03-13,118854.0,100205.0
101,2020-03-17,119382.0,100660.0
102,2020-03-18,119920.0,101108.0
103,2020-03-19,120417.0,101583.0
104,2020-03-20,121697.0,102763.0
105,2020-03-23,122131.0,103170.0
106,2020-03-24,122549.0,103546.0
107,2020-03-25,122950.0,103889.0
108,2020-03-26,123418.0,104303.0
109,2020-03-27,124680.0,105464.0
110,2020-03-30,125265.0,105982.0
111,2020-03-31,125877.0,106557.0
112,2020-04-01,126421.0,107050.0
113,2020-04-02,127129.0,107651.0
114,2020-04-03,128608.0,108939.0
115,2020-04-06,129120.0,109386.0
116,2020-04-07,129633.0,109838.0
117,2020-04-08,130166.0,110318.0
118,2020-04-09,130693.0,110791.0
119,2020-04-10,131791.0,111840.0
120,2020-04-13,132303.0,112290.0
121,2020-04-14,132935.0,112867.0
122,2020-04-15,133559.0,113444.0
123,2020-04-16,134185.0,114030.0
124,2020-04-17,135735.0,115396.0
125,2020-04-20,136236.0,115823.0
126,2020-04-21,136724.0,116222.0
127,2020-04-22,137198.0,116621.0
128,2020-04-23,137703.0,117051.0
129,2020-04-24,139021.0,118252.0
130,2020-04-27,139510.0,118695.0
131,2020-04-28,140047.0,119110.0
132,2020-04-29,140657.0,119619.0
133,2020-04-30,141290.0,120111.0
134,2020-05-01,142868.0,121637.0
135,2020-05-04,143522.0,122218.0
136,2020-05-05,144161.0,122776.0
137,2020-05-06,145538.0,124041.0
138,2020-05-07,146181.0,124577.0
139,2020-05-08,147744.0,126037.0
140,2020-05-11,148209.0,126439.0
141,2020-05-12,148782.0,126920.0
142,2020-05-13,149379.0,127400.0
143,2020-05-14,150101.0,127997.0
144,2020-05-15,151971.0,129646.0
145,2020-05-18,152581.0,130127.0
146,2020-05-19,153164.0,130603.0
147,2020-05-20,153742.0,131081.0
148,2020-05-21,154326.0,131567.0
149,2020-05-22,155978.0,133019.0
150,2020-05-25,156593.0,133524.0
151,2020-05-26,157258.0,134105.0
152,2020-05-27,157851.0,134626.0
153,2020-05-28,158628.0,135290.0
154,2020-05-29,160710.0,137041.0
155,2020-06-01,161400.0,137587.0
156,2020-06-02,162002.0,138118.0
157,2020-06-03,162675.0,138691.0
158,2020-06-04,163360.0,139333.0
159,2020-06-05,165135.0,140949.0
160,2020-06-08,165687.0,141426.0
161,2020-06-09,166279.0,141940.0
162,2020-06-10,166812.0,142386.0
163,2020-06-11,167424.0,142915.0
164,2020-06-12,169279.0,144618.0
165,2020-06-15,169988.0,145220.0
166,2020-06-16,170659.0,145787.0
167,2020-06-17,171281.0,146297.0
168,2020-06-18,171937.0,146856.0
169,2020-06-19,173637.0,148320.0
170,2020-06-22,174165.0,148821.0
171,2020-06-23,174660.0,149257.0
172,2020-06-24,175194.0,149728.0
173,2020-06-25,175790.0,150224.0
174,2020-06-26,177461.0,151709.0
175,2020-06-29,178068.0,152223.0
176,2020-06-30,178768.0,152814.0
177,2020-07-01,179418.0,153422.0
178,2020-07-02,180166.0,154047.0
179,2020-07-03,181992.0,155665.0
180,2020-07-06,182566.0,156163.0
181,2020-07-07,183119.0,156633.0
182,2020-07-08,183778.0,157205.0
183,2020-07-09,184452.0,157833.0
184,2020-07-10,186467.0,159632.0
185,2020-07-13,187114.0,160255.0
186,2020-07-14,187918.0,160940.0
187,2020-07-15,188829.0,161722.0
188,2020-07-16,189696.0,162507.0
189,2020-07-17,191994.0,164558.0
190,2020-07-20,192791.0,165273.0
191,2020-07-21,193516.0,165951.0
192,2020-07-22,194429.0,166787.0
193,2020-07-23,195467.0,167688.0
194,2020-07-24,197765.0,169720.0
195,2020-07-27,198663.0,170588.0
196,2020-07-28,199590.0,171552.0
197,2020-07-29,200476.0,172239.0
198,2020-07-30,201579.0,173231.0
199,2020-07-31,204608.0,175549.0
200,2020-08-03,205567.0,176242.0
201,2020-08-04,206457.0,176956.0
202,2020-08-05,207420.0,177703.0
203,2020-08-06,208295.0,178363.0
204,2020-08-07,210852.0,180458.0
205,2020-08-10,211632.0,181083.0
206,2020-08-11,212397.0,181699.0
207,2020-08-12,213185.0,182312.0
208,2020-08-13,214072.0,183082.0
209,2020-08-14,216957.0,185521.0
210,2020-08-17,217761.0,186157.0
211,2020-08-18,218655.0,186875.0
212,2020-08-19,219504.0,187565.0
213,2020-08-20,220422.0,188283.0
214,2020-08-21,223085.0,190454.0
215,2020-08-24,223874.0,191099.0
216,2020-08-25,224677.0,191743.0
217,2020-08-26,225434.0,192371.0
218,2020-08-27,226321.0,193120.0
219,2020-08-28,229042.0,195402.0
220,2020-08-31,229870.0,196072.0
221,2020-09-01,230790.0,196786.0
222,2020-09-02,231730.0,197539.0
223,2020-09-03,232696.0,198336.0
224,2020-09-04,235151.0,200390.0
225,2020-09-07,235940.0,201016.0
226,2020-09-08,236725.0,201638.0
227,2020-09-09,237471.0,202231.0
228,2020-09-10,238218.0,202854.0
229,2020-09-11,240563.0,204791.0
230,2020-09-14,241320.0,205354.0
231,2020-09-15,242282.0,206108.0
232,2020-09-16,242983.0,206689.0
233,2020-09-17,243725.0,207307.0
234,2020-09-18,245797.0,209053.0
235,2020-09-21,246427.0,209539.0
236,2020-09-22,247116.0,210052.0
237,2020-09-23,247829.0,210624.0
238,2020-09-24,248560.0,211190.0
239,2020-09-25,250650.0,212957.0
240,2020-09-28,251352.0,213521.0
241,2020-09-29,252110.0,214118.0
242,2020-09-30,252956.0,214693.0
243,2020-10-01,253809.0,215268.0
244,2020-10-02,256226.0,217209.0
245,2020-10-05,256889.0,217727.0
246,2020-10-06,257612.0,218273.0
247,2020-10-07,258268.0,218762.0
248,2020-10-08,259070.0,219360.0
249,2020-10-09,261014.0,220907.0
250,2020-10-12,261644.0,221430.0
251,2020-10-13,262358.0,221975.0
252,2020-10-14,263195.0,222604.0
253,2020-10-15,264112.0,223256.0
254,2020-10-16,266296.0,224984.0
255,2020-10-19,266951.0,225490.0
256,2020-10-20,267614.0,225987.0
257,2020-10-21,268359.0,226494.0
258,2020-10-22,269103.0,227028.0
259,2020-10-23,271101.0,228577.0
260,2020-10-26,271753.0,229072.0
261,2020-10-27,272395.0,229552.0
262,2020-10-28,273172.0,230113.0
263,2020-10-29,273967.0,230718.0
264,2020-10-30,276248.0,232525.0
265,2020-11-02,276896.0,233089.0
266,2020-11-03,277568.0,233546.0
267,2020-11-04,278343.0,234136.0
268,2020-11-05,279407.0,235026.0
269,2020-11-06,281559.0,236798.0
270,2020-11-09,282185.0,237290.0
271,2020-11-10,282975.0,237908.0
272,2020-11-11,283778.0,238540.0
273,2020-11-12,284647.0,239169.0
274,2020-11-13,287446.0,241285.0
275,2020-11-16,288257.0,241913.0
276,2020-11-17,289129.0,242560.0
277,2020-11-18,289933.0,243135.0
278,2020-11-19,290865.0,243846.0
279,2020-11-20,293346.0,245734.0
280,2020-11-23,294190.0,246337.0
281,2020-11-24,294998.0,246948.0
282,2020-11-25,295802.0,247556.0
283,2020-11-26,296643.0,248125.0
284,2020-11-27,299566.0,250161.0
285,2020-11-30,300564.0,250779.0
286,2020-12-01,301857.0,251560.0
287,2020-12-02,303127.0,252477.0
288,2020-12-03,304532.0,253428.0
289,2020-12-04,309270.0,255438.0
290,2020-12-07,310418.0,256061.0
291,2020-12-08,311529.0,256850.0
292,2020-12-09,312573.0,257610.0
293,2020-12-10,313782.0,258383.0
294,2020-12-11,316867.0,260695.0
295,2020-12-14,318009.0,261587.0
296,2020-12-15,319506.0,262694.0
297,2020-12-16,320848.0,263689.0
298,2020-12-17,322102.0,264599.0
299,2020-12-18,325141.0,266870.0
300,2020-12-21,326269.0,267727.0
301,2020-12-22,327424.0,268713.0
302,2020-12-23,328655.0,269690.0
303,2020-12-24,329473.0,270344.0
304,2020-12-25,331046.0,271623.0
305,2020-12-28,331986.0,272311.0
306,2020-12-29,333085.0,273198.0
307,2020-12-30,334233.0,274078.0
308,2020-12-31,335190.0,274807.0
309,2021-01-01,337204.0,276324.0
310,2021-01-04,338072.0,276897.0
311,2021-01-05,339338.0,277881.0
312,2021-01-06,340485.0,278863.0
313,2021-01-07,341754.0,279992.0
314,2021-01-08,344320.0,282118.0
315,2021-01-11,345407.0,283077.0
316,2021-01-12,347094.0,284664.0
317,2021-01-13,349424.0,286835.0
318,2021-01-14,351757.0,289177.0
319,2021-01-15,357193.0,294111.0
320,2021-01-18,359286.0,296176.0
321,2021-01-19,362645.0,299787.0
322,2021-01-20,366346.0,304097.0
323,2021-01-21,369657.0,307879.0
324,2021-01-22,374627.0,313251.0
325,2021-01-25,377289.0,316361.0
326,2021-01-26,380781.0,320573.0
327,2021-01-27,383787.0,324200.0
328,2021-01-28,387241.0,328329.0
329,2021-01-29,391294.0,331444.0
330,2021-02-01,392048.0,331973.0
331,2021-02-02,393478.0,333374.0
332,2021-02-03,395525.0,335531.0
333,2021-02-04,397798.0,338180.0
334,2021-02-05,401462.0,341882.0
335,2021-02-08,403192.0,343870.0
336,2021-02-09,405080.0,346026.0
337,2021-02-10,407269.0,348495.0
338,2021-02-11,409680.0,351152.0
339,2021-02-12,413451.0,354764.0
340,2021-02-15,415196.0,356510.0
341,2021-02-16,417153.0,358550.0
342,2021-02-17,418964.0,360460.0
343,2021-02-18,420643.0,362173.0
344,2021-02-19,423793.0,365232.0
345,2021-02-22,425325.0,366834.0
346,2021-02-23,427041.0,368694.0
347,2021-02-24,428821.0,370579.0
348,2021-02-25,430731.0,372587.0
349,2021-02-26,434450.0,375938.0
350,2021-03-01,435819.0,377000.0
351,2021-03-02,437382.0,378471.0
352,2021-03-03,438997.0,380011.0
353,2021-03-04,440582.0,381538.0
354,2021-03-05,443649.0,384311.0
355,2021-03-08,444748.0,385380.0
356,2021-03-09,445989.0,386544.0
357,2021-03-10,447352.0,387795.0
358,2021-03-11,448797.0,389180.0
359,2021-03-12,451631.0,391380.0
360,2021-03-15,452305.0,391942.0
361,2021-03-16,453512.0,393044.0
362,2021-03-17,454619.0,394101.0
363,2021-03-18,455737.0,395099.0
364,2021-03-19,458207.0,397276.0
365,2021-03-22,459233.0,398226.0
366,2021-03-23,460258.0,399259.0
367,2021-03-24,461395.0,400350.0
368,2021-03-25,462538.0,401417.0
369,2021-03-26,465085.0,403686.0
370,2021-03-29,466167.0,404638.0
371,2021-03-30,467218.0,405457.0
372,2021-03-31,468676.0,406661.0
373,2021-04-01,469562.0,407417.0
374,2021-04-02,471270.0,408814.0
375,2021-04-05,472185.0,409531.0
376,2021-04-06,473341.0,410535.0
377,2021-04-07,474636.0,411757.0
378,2021-04-08,476061.0,413028.0
379,2021-04-09,478702.0,415424.0
380,2021-04-12,479971.0,416599.0
381,2021-04-13,481476.0,418189.0
382,2021-04-14,483332.0,420104.0
383,2021-04-15,485838.0,422620.0
384,2021-04-16,489927.0,426607.0
385,2021-04-19,491633.0,428314.0
386,2021-04-20,493815.0,430599.0
387,2021-04-21,496080.0,433021.0
388,2021-04-22,498538.0,435713.0
389,2021-04-23,502460.0,439625.0
390,2021-04-26,504479.0,441726.0
391,2021-04-27,507097.0,444530.0
392,2021-04-28,509868.0,447457.0
393,2021-04-29,512596.0,450369.0
394,2021-04-30,516372.0,453897.0
395,2021-05-03,517861.0,455322.0
396,2021-05-04,519338.0,456695.0
397,2021-05-05,520642.0,457875.0
398,2021-05-06,521834.0,459001.0
399,2021-05-07,524259.0,461115.0
400,2021-05-10,525133.0,461885.0
401,2021-05-11,526045.0,462633.0
402,2021-05-12,527011.0,463444.0
403,2021-05-13,528065.0,464252.0
404,2021-05-14,530917.0,466451.0
405,2021-05-17,531970.0,467271.0
406,2021-05-18,532949.0,468046.0
407,2021-05-19,533898.0,468814.0
408,2021-05-20,534871.0,469657.0
409,2021-05-21,537142.0,471490.0
410,2021-05-24,537995.0,472157.0
411,2021-05-25,538906.0,472836.0
412,2021-05-26,539820.0,473609.0
413,2021-05-27,540944.0,474432.0
414,2021-05-28,543659.0,476535.0
415,2021-05-31,544702.0,477337.0
416,2021-06-01,545541.0,477989.0
417,2021-06-02,546375.0,478563.0
418,2021-06-03,547263.0,479202.0
419,2021-06-04,549296.0,480692.0
420,2021-06-07,549947.0,481218.0
421,2021-06-08,550585.0,481717.0
422,2021-06-09,551281.0,482236.0
423,2021-06-10,552100.0,482813.0
424,2021-06-11,554120.0,484312.0
425,2021-06-14,554854.0,484809.0
426,2021-06-15,555703.0,485410.0
427,2021-06-16,556410.0,485934.0
428,2021-06-17,557226.0,486532.0
429,2021-06-18,558047.0,487113.0
430,2021-06-19,558704.0,487597.0
431,2021-06-20,559200.0,487964.0
432,2021-06-21,559895.0,488481.0
433,2021-06-22,560573.0,488984.0
434,2021-06-23,561282.0,489512.0
435,2021-06-24,562033.0,490097.0
436,2021-06-25,562900.0,490793.0
437,2021-06-26,563565.0,491269.0
438,2021-06-27,563975.0,491585.0
439,2021-06-28,564795.0,492136.0
440,2021-06-29,565698.0,492783.0
441,2021-06-30,566732.0,493528.0
442,2021-07-01,567734.0,494242.0
443,2021-07-02,568781.0,494995.0
444,2021-07-03,569595.0,495589.0
445,2021-07-04,570257.0,496054.0
446,2021-07-05,571159.0,496632.0
447,2021-07-06,572016.0,497212.0
448,2021-07-07,572947.0,497839.0
449,2021-07-08,573886.0,498520.0
450,2021-07-09,575002.0,499233.0
451,2021-07-10,575927.0,499814.0
452,2021-07-11,576607.0,500250.0
453,2021-07-12,577492.0,500858.0
454,2021-07-13,578502.0,501581.0
455,2021-07-14,579691.0,502421.0
456,2021-07-15,581022.0,503299.0
457,2021-07-16,582358.0,504206.0
458,2021-07-17,583411.0,504898.0
459,2021-07-18,584174.0,505376.0
460,2021-07-19,585136.0,506020.0
461,2021-07-20,586082.0,506692.0
462,2021-07-21,587099.0,507348.0
463,2021-07-22,587994.0,507981.0
464,2021-07-23,589100.0,508711.0
465,2021-07-24,589974.0,509241.0
466,2021-07-25,590648.0,509677.0
467,2021-07-26,591469.0,510231.0
468,2021-07-27,592431.0,510947.0
469,2021-07-28,593404.0,511627.0
470,2021-07-29,594553.0,512423.0
471,2021-07-30,595815.0,513234.0
472,2021-07-31,596767.0,513840.0
473,2021-08-01,597419.0,514295.0
474,2021-08-02,598260.0,514862.0
475,2021-08-03,599152.0,515518.0
476,2021-08-04,600088.0,516159.0
477,2021-08-05,600961.0,516826.0
478,2021-08-06,601889.0,517477.0
479,2021-08-07,602629.0,518030.0
480,2021-08-08,603561.0,518693.0
481,2021-08-09,604105.0,519078.0
482,2021-08-10,605000.0,519695.0
483,2021-08-11,605886.0,520329.0
484,2021-08-12,606985.0,521090.0
485,2021-08-13,608376.0,522045.0
486,2021-08-14,609454.0,522797.0
487,2021-08-15,610267.0,523360.0
488,2021-08-16,611243.0,524016.0
489,2021-08-17,612244.0,524683.0
490,2021-08-18,613204.0,525347.0
491,2021-08-19,614243.0,526075.0
492,2021-08-20,615374.0,526887.0
493,2021-08-21,616196.0,527450.0
494,2021-08-22,616681.0,527665.0
495,2021-08-23,617643.0,528300.0
496,2021-08-24,618594.0,528956.0
497,2021-08-25,619587.0,529646.0
498,2021-08-26,620522.0,530338.0
499,2021-08-27,621685.0,531182.0
500,2021-08-28,622626.0,531866.0
501,2021-08-29,623445.0,532430.0
502,2021-08-30,624525.0,533173.0
503,2021-08-31,625658.0,533801.0
504,2021-09-01,626862.0,534556.0
505,2021-09-02,628078.0,535426.0
506,2021-09-03,629463.0,536307.0
507,2021-09-04,630634.0,537052.0
508,2021-09-05,631417.0,537267.0
509,2021-09-06,632455.0,538286.0
510,2021-09-07,633423.0,538914.0
511,2021-09-08,634525.0,539593.0
512,2021-09-09,635706.0,540360.0
513,2021-09-10,637005.0,541198.0
514,2021-09-11,638082.0,541889.0
515,2021-09-12,638556.0,542220.0
516,2021-09-13,639723.0,542931.0
517,2021-09-14,640997.0,543762.0
518,2021-09-15,642482.0,544691.0
519,2021-09-16,643466.0,545332.0
520,2021-09-17,644721.0,546154.0
521,2021-09-18,645889.0,546937.0
522,2021-09-19,646797.0,547571.0
523,2021-09-20,647915.0,548250.0
524,2021-09-21,649010.0,548938.0
525,2021-09-22,650193.0,549641.0
526,2021-09-23,651408.0,550358.0
527,2021-09-24,652732.0,551206.0
528,2021-09-25,653839.0,551874.0
529,2021-09-26,654620.0,552344.0
530,2021-09-27,655636.0,552964.0
531,2021-09-28,656748.0,553591.0
532,2021-09-29,657947.0,554313.0
533,2021-09-30,659438.0,555195.0
534,2021-10-01,661012.0,556028.0
535,2021-10-02,662073.0,556630.0
536,2021-10-03,662825.0,557050.0
537,2021-10-04,663773.0,557561.0
538,2021-10-05,664871.0,558138.0
539,2021-10-06,665936.0,558649.0
540,2021-10-07,667063.0,559247.0
541,2021-10-08,668404.0,560037.0
542,2021-10-09,669557.0,560750.0
543,2021-10-10,670316.0,561258.0
544,2021-10-11,671443.0,561842.0
545,2021-10-12,672590.0,562457.0
546,2021-10-13,673841.0,563144.0
547,2021-10-14,675250.0,564002.0
548,2021-10-15,676861.0,564872.0
549,2021-10-16,678183.0,565701.0
550,2021-10-17,679189.0,566266.0
551,2021-10-18,680384.0,566942.0
552,2021-10-19,681554.0,567579.0
553,2021-10-20,682601.0,568197.0
554,2021-10-21,683785.0,568902.0
555,2021-10-22,685143.0,569703.0
556,2021-10-23,686246.0,570339.0
557,2021-10-24,687144.0,570866.0
558,2021-10-25,688215.0,571523.0
559,2021-10-26,689340.0,572189.0
560,2021-10-27,690524.0,572880.0
561,2021-10-28,691862.0,573685.0
562,2021-10-29,693499.0,574633.0
563,2021-10-30,694915.0,575410.0
564,2021-10-31,695949.0,575975.0
565,2021-11-01,697080.0,576674.0
566,2021-11-02,698130.0,577246.0
567,2021-11-03,699417.0,577911.0
568,2021-11-04,700698.0,578620.0
569,2021-11-05,701959.0,579386.0
570,2021-11-06,703011.0,580016.0
571,2021-11-07,703802.0,580444.0
572,2021-11-08,704816.0,581021.0
573,2021-11-09,705904.0,581699.0
574,2021-11-10,707085.0,582417.0
575,2021-11-11,708304.0,583152.0
576,2021-11-12,709710.0,583915.0
577,2021-11-13,711070.0,584690.0
578,2021-11-14,712082.0,585288.0
579,2021-11-15,713067.0,585830.0
580,2021-11-16,714192.0,586483.0
581,2021-11-17,715294.0,587121.0
582,2021-11-18,716464.0,587824.0
583,2021-11-19,717779.0,588613.0
584,2021-11-20,718883.0,589246.0
585,2021-11-21,719691.0,589719.0
586,2021-11-22,720616.0,590272.0
587,2021-11-23,721597.0,590862.0
588,2021-11-24,722709.0,591528.0
589,2021-11-25,723903.0,592199.0
590,2021-11-26,725302.0,592992.0
591,2021-11-27,726407.0,593599.0
592,2021-11-28,727292.0,594075.0
593,2021-11-29,728487.0,594759.0
594,2021-11-30,729912.0,595554.0
595,2021-12-01,731254.0,596255.0
596,2021-12-02,732669.0,597144.0
597,2021-12-03,734203.0,597987.0
598,2021-12-04,736679.0,598685.0
599,2021-12-05,737528.0,599183.0
600,2021-12-06,738754.0,599858.0
601,2021-12-07,739977.0,600563.0
602,2021-12-08,741269.0,601314.0
603,2021-12-09,742628.0,602101.0
604,2021-12-10,744117.0,602938.0
605,2021-12-11,745308.0,603612.0
606,2021-12-12,746173.0,604176.0
607,2021-12-13,747375.0,604803.0
608,2021-12-14,748802.0,605537.0
609,2021-12-15,750360.0,606428.0
610,2021-12-16,751793.0,607173.0
611,2021-12-17,753347.0,607979.0
612,2021-12-18,754641.0,608734.0
613,2021-12-19,755726.0,609291.0
614,2021-12-20,757045.0,609955.0
615,2021-12-21,758426.0,610650.0
616,2021-12-22,759711.0,611352.0
617,2021-12-23,761049.0,612106.0
618,2021-12-24,762236.0,612680.0
619,2021-12-25,762867.0,613037.0
620,2021-12-26,763639.0,613443.0
621,2021-12-27,764738.0,613933.0
622,2021-12-28,765842.0,614471.0
623,2021-12-29,767038.0,615104.0
624,2021-12-30,768446.0,615782.0
625,2021-12-31,769734.0,616361.0
626,2022-01-01,770375.0,616690.0
627,2022-01-02,771238.0,617093.0
628,2022-01-03,772429.0,617618.0
629,2022-01-04,773481.0,618197.0
630,2022-01-05,774727.0,618836.0
631,2022-01-06,775951.0,619500.0
632,2022-01-07,777227.0,620159.0
633,2022-01-08,778205.0,620627.0
634,2022-01-09,778979.0,620979.0
635,2022-01-10,779958.0,621468.0
636,2022-01-11,780899.0,621959.0
637,2022-01-12,781817.0,622442.0
638,2022-01-13,782928.0,622990.0
639,2022-01-14,784127.0,623597.0
640,2022-01-15,785226.0,624135.0
641,2022-01-16,785974.0,624532.0
642,2022-01-17,786938.0,624966.0
643,2022-01-18,787881.0,625416.0
644,2022-01-19,788851.0,625858.0
645,2022-01-20,789881.0,626391.0
646,2022-01-21,791102.0,627013.0
647,2022-01-22,792004.0,627496.0
648,2022-01-23,792770.0,627845.0
649,2022-01-24,793755.0,628324.0
650,2022-01-25,794816.0,628846.0
651,2022-01-26,795857.0,629332.0
652,2022-01-27,796927.0,629875.0
653,2022-01-28,798361.0,630590.0
654,2022-01-29,799389.0,631120.0
655,2022-01-30,800208.0,631497.0
656,2022-01-31,801374.0,632049.0
657,2022-02-01,802446.0,632593.0
658,2022-02-02,803427.0,633082.0
659,2022-02-03,804522.0,633660.0
660,2022-02-04,805786.0,634366.0
661,2022-02-05,806767.0,634825.0
662,2022-02-06,807515.0,635201.0
663,2022-02-07,808314.0,635591.0
664,2022-02-08,809288.0,636028.0
665,2022-02-09,810289.0,636506.0
666,2022-02-10,811373.0,637090.0
667,2022-02-11,813833.0,638322.0
668,2022-02-12,813833.0,638322.0
669,2022-02-13,814747.0,638781.0
670,2022-02-14,815925.0,639430.0
671,2022-02-15,817183.0,640042.0
672,2022-02-16,818474.0,640669.0
673,2022-02-17,819675.0,641273.0
674,2022-02-18,821029.0,641959.0
675,2022-02-19,822075.0,642485.0
676,2022-02-20,822930.0,642887.0
677,2022-02-21,824020.0,643386.0
678,2022-02-22,825041.0,643880.0
679,2022-02-23,826051.0,644383.0
680,2022-02-24,827121.0,644928.0
681,2022-02-25,828373.0,645605.0
682,2022-02-26,829498.0,646199.0
683,2022-02-27,830383.0,646606.0
684,2022-02-28,831548.0,647117.0
685,2022-03-01,832711.0,647648.0
686,2022-03-02,833903.0,648242.0
687,2022-03-03,835026.0,648882.0
688,2022-03-04,836281.0,649537.0
689,2022-03-05,837367.0,650039.0
690,2022-03-06,838084.0,650436.0
691,2022-03-07,839129.0,650967.0
692,2022-03-08,840088.0,651440.0
693,2022-03-09,841054.0,651958.0
694,2022-03-10,842175.0,652525.0
695,2022-03-11,843389.0,653190.0
696,2022-03-12,844420.0,653737.0
697,2022-03-13,845258.0,654181.0
698,2022-03-14,846251.0,654726.0
699,2022-03-15,847491.0,655347.0
700,2022-03-16,848724.0,655986.0
701,2022-03-17,849866.0,656602.0
702,2022-03-18,851129.0,657278.0
703,2022-03-19,852087.0,657777.0
704,2022-03-20,852889.0,658194.0
705,2022-03-21,853722.0,658608.0
706,2022-03-22,854636.0,659025.0
707,2022-03-23,855707.0,659578.0
708,2022-03-24,856767.0,660123.0
709,2022-03-25,858026.0,660809.0
710,2022-03-26,858997.0,661317.0
711,2022-03-27,859755.0,661717.0
712,2022-03-28,860733.0,662242.0
713,2022-03-29,861805.0,662799.0
714,2022-03-30,863207.0,663467.0
715,2022-03-31,864593.0,664216.0
716,2022-04-01,865921.0,664861.0
717,2022-04-02,866977.0,665439.0
718,2022-04-03,867808.0,665884.0
719,2022-04-04,868873.0,666463.0
720,2022-04-05,869907.0,667019.0
721,2022-04-06,870993.0,667633.0
722,2022-04-07,872172.0,668276.0
723,2022-04-08,873524.0,668967.0
724,2022-04-09,874517.0,669491.0
725,2022-04-10,875224.0,669859.0
726,2022-04-11,876251.0,670347.0
727,2022-04-12,877249.0,670883.0
728,2022-04-13,878537.0,671507.0
729,2022-04-14,879739.0,672059.0
730,2022-04-15,880679.0,672515.0
731,2022-04-16,881568.0,672979.0
732,2022-04-17,882383.0,673359.0
733,2022-04-18,883356.0,673765.0
734,2022-04-19,884330.0,674208.0
735,2022-04-20,885370.0,674738.0
736,2022-04-21,886439.0,675282.0
737,2022-04-22,887816.0,675995.0
738,2022-04-23,888822.0,676498.0
739,2022-04-24,889566.0,676891.0
740,2022-04-25,890524.0,677401.0
741,2022-04-26,891575.0,677918.0
742,2022-04-27,892657.0,678487.0
743,2022-04-28,893973.0,679163.0
744,2022-04-29,895515.0,679900.0
745,2022-04-30,896672.0,680507.0
746,2022-05-01,897567.0,680942.0
747,2022-05-02,898532.0,681504.0
748,2022-05-03,899544.0,682051.0
749,2022-05-04,900671.0,682601.0
750,2022-05-05,901850.0,683201.0
751,2022-05-06,903262.0,683845.0
752,2022-05-07,904309.0,684350.0
753,2022-05-08,905095.0,684762.0
754,2022-05-09,906115.0,685298.0
755,2022-05-10,907199.0,685851.0
756,2022-05-11,908302.0,686369.0
757,2022-05-12,909616.0,686914.0
758,2022-05-13,911329.0,687662.0
759,2022-05-14,912523.0,688268.0
760,2022-05-15,913427.0,688710.0
761,2022-05-16,914570.0,689230.0
762,2022-05-17,915686.0,689765.0
763,2022-05-18,916879.0,690298.0
764,2022-05-19,918002.0,690866.0
765,2022-05-20,919334.0,691530.0
766,2022-05-21,920384.0,692024.0
767,2022-05-22,921176.0,692383.0
768,2022-05-23,922132.0,692847.0
769,2022-05-24,923242.0,693410.0
770,2022-05-25,924289.0,693960.0
771,2022-05-26,925150.0,694408.0
772,2022-05-27,926433.0,694989.0
773,2022-05-28,927438.0,695504.0
774,2022-05-29,928193.0,695861.0
775,2022-05-30,929346.0,696384.0
776,2022-05-31,930712.0,696952.0
777,2022-06-01,931915.0,697553.0
778,2022-06-02,933216.0,698167.0
779,2022-06-03,934730.0,698844.0
780,2022-06-04,935781.0,699375.0
781,2022-06-05,936456.0,699777.0
782,2022-06-06,937446.0,700279.0
783,2022-06-07,938481.0,700741.0
784,2022-06-08,939588.0,701248.0
785,2022-06-09,940735.0,701749.0
786,2022-06-10,942214.0,702444.0
787,2022-06-11,943230.0,702901.0
788,2022-06-12,944033.0,703314.0
789,2022-06-13,945093.0,703824.0
790,2022-06-14,946269.0,704429.0
791,2022-06-15,947542.0,705060.0
792,2022-06-16,948910.0,705706.0
793,2022-06-17,950374.0,706419.0
794,2022-06-18,951478.0,706951.0
795,2022-06-19,952286.0,707353.0
796,2022-06-20,953320.0,707785.0
797,2022-06-21,954382.0,708275.0
798,2022-06-22,955550.0,708786.0
799,2022-06-23,956793.0,709297.0
800,2022-06-24,958325.0,709894.0
801,2022-06-25,959279.0,710310.0
802,2022-06-26,960044.0,710670.0
803,2022-06-27,961152.0,711143.0
804,2022-06-28,962297.0,711590.0
805,2022-06-29,963646.0,712166.0
806,2022-06-30,965231.0,712859.0
807,2022-07-01,966822.0,713617.0
808,2022-07-02,968059.0,714138.0
809,2022-07-03,968948.0,714509.0
810,2022-07-04,970117.0,714993.0
811,2022-07-05,971338.0,715477.0
812,2022-07-06,972484.0,715921.0
813,2022-07-07,973713.0,716456.0
814,2022-07-08,974975.0,716961.0
815,2022-07-09,975921.0,717396.0
816,2022-07-10,976776.0,717717.0
817,2022-07-11,977738.0,718110.0
818,2022-07-12,978715.0,718540.0
819,2022-07-13,979715.0,719014.0
820,2022-07-14,981018.0,719555.0
821,2022-07-15,982708.0,720258.0
822,2022-07-16,983821.0,720740.0
823,2022-07-17,984652.0,721096.0
824,2022-07-18,985792.0,721543.0
825,2022-07-19,986916.0,721987.0
826,2022-07-20,988035.0,722437.0
827,2022-07-21,989298.0,722993.0
828,2022-07-22,990790.0,723641.0
829,2022-07-23,991883.0,724103.0
830,2022-07-24,992669.0,724422.0
831,2022-07-25,993794.0,724861.0
832,2022-07-26,994997.0,725332.0
833,2022-07-27,996211.0,725788.0
834,2022-07-28,997712.0,726553.0
835,2022-07-29,999622.0,727448.0
836,2022-07-30,1001003.0,728090.0
837,2022-07-31,1001952.0,728487.0
838,2022-08-01,1003250.0,728977.0
839,2022-08-02,1004465.0,729459.0
840,2022-08-03,1005774.0,729961.0
841,2022-08-04,1007077.0,730517.0
842,2022-08-05,1008664.0,731190.0
843,2022-08-06,1009778.0,731716.0
844,2022-08-07,1010634.0,732104.0
845,2022-08-08,1011795.0,732542.0
846,2022-08-09,1012990.0,732971.0
847,2022-08-10,1014237.0,733411.0
848,2022-08-11,1015413.0,733807.0
849,2022-08-12,1017119.0,734488.0
850,2022-08-13,1018243.0,734983.0
851,2022-08-14,1019098.0,735341.0
852,2022-08-15,1020445.0,735841.0
853,2022-08-16,1021688.0,736304.0
854,2022-08-17,1022870.0,736751.0
855,2022-08-18,1024141.0,737266.0
856,2022-08-19,1025705.0,737843.0
857,2022-08-20,1026833.0,738305.0
858,2022-08-21,1027648.0,738677.0
859,2022-08-22,1028773.0,739092.0
860,2022-08-23,1029832.0,739473.0
861,2022-08-24,1030994.0,739917.0
862,2022-08-25,1032260.0,740403.0
863,2022-08-26,1033817.0,741028.0
864,2022-08-27,1035804.0,741792.0
865,2022-08-28,1036984.0,742234.0
866,2022-08-29,1038368.0,742803.0
867,2022-08-30,1038368.0,742803.0
868,2022-08-31,1039880.0,743327.0
869,2022-09-01,1041428.0,743941.0
870,2022-09-02,1043140.0,744629.0
871,2022-09-03,1044463.0,745133.0
872,2022-09-04,1045241.0,745536.0
873,2022-09-05,1046433.0,745961.0
874,2022-09-06,1047616.0,746390.0
875,2022-09-07,1048780.0,746841.0
876,2022-09-08,1050060.0,747285.0
877,2022-09-09,1051744.0,747968.0
878,2022-09-10,1052933.0,748413.0
879,2022-09-11,1053878.0,748787.0
880,2022-09-12,1055058.0,749222.0
881,2022-09-13,1056328.0,749668.0
882,2022-09-14,1057790.0,750210.0
883,2022-09-15,1059570.0,750833.0
884,2022-09-16,1060663.0,751332.0
885,2022-09-17,1061826.0,751805.0
886,2022-09-18,1062755.0,752215.0
887,2022-09-19,1063923.0,752680.0
888,2022-09-20,1065115.0,753171.0
889,2022-09-21,1066377.0,753699.0
890,2022-09-22,1067729.0,754306.0
891,2022-09-23,1069333.0,755015.0
892,2022-09-24,1070483.0,755514.0
893,2022-09-25,1071452.0,755898.0
894,2022-09-26,1072651.0,756347.0
895,2022-09-27,1073836.0,756811.0
896,2022-09-28,1075126.0,757319.0
897,2022-09-29,1076706.0,757966.0
898,2022-09-30,1078556.0,758795.0
899,2022-10-01,1080016.0,759383.0
900,2022-10-02,1081102.0,759829.0
901,2022-10-03,1082546.0,760399.0
902,2022-10-04,1083828.0,760943.0
903,2022-10-05,1085109.0,761523.0
904,2022-10-06,1086627.0,762118.0
905,2022-10-07,1088387.0,762860.0
906,2022-10-08,1089636.0,763396.0
907,2022-10-09,1090616.0,763806.0
908,2022-10-10,1091883.0,764278.0
909,2022-10-11,1093145.0,764856.0
910,2022-10-12,1094410.0,765371.0
911,2022-10-13,1095945.0,765976.0
912,2022-10-14,1097977.0,766851.0
913,2022-10-15,1099609.0,767472.0
914,2022-10-16,1100826.0,767953.0
915,2022-10-17,1102323.0,768512.0
916,2022-10-18,1103705.0,769088.0
917,2022-10-19,1105151.0,769643.0
918,2022-10-20,1106721.0,770284.0
919,2022-10-21,1108503.0,771074.0
920,2022-10-22,1109760.0,771597.0
921,2022-10-23,1110803.0,772009.0
922,2022-10-24,1112090.0,772488.0
923,2022-10-25,1113300.0,772996.0
924,2022-10-26,1114662.0,773587.0
925,2022-10-27,1116070.0,774210.0
926,2022-10-28,1118061.0,775075.0
927,2022-10-29,1119485.0,775676.0
928,2022-10-30,1120616.0,776147.0
929,2022-10-31,1122059.0,776683.0
930,2022-11-01,1123575.0,777296.0
931,2022-11-02,1124903.0,777787.0
932,2022-11-03,1126462.0,778398.0
933,2022-11-04,1128257.0,779103.0
934,2022-11-05,1129778.0,779675.0
935,2022-11-06,1130857.0,780014.0
936,2022-11-07,1132401.0,780527.0
937,2022-11-08,1133714.0,781059.0
938,2022-11-09,1135146.0,781681.0
939,2022-11-10,1136667.0,782325.0
940,2022-11-11,1138350.0,783061.0
941,2022-11-12,1139717.0,783596.0
942,2022-11-13,1140698.0,784002.0
943,2022-11-14,1142098.0,784576.0
944,2022-11-15,1143855.0,785280.0
945,2022-11-16,1145380.0,785955.0
946,2022-11-17,1147020.0,786616.0
947,2022-11-18,1148825.0,787353.0
948,2022-11-19,1150182.0,787898.0
949,2022-11-20,1151236.0,788346.0
950,2022-11-21,1152245.0,788728.0
951,2022-11-22,1153441.0,789152.0
952,2022-11-23,1154791.0,789694.0
953,2022-11-24,1156217.0,790328.0
954,2022-11-25,1157768.0,790973.0
955,2022-11-26,1158968.0,791491.0
956,2022-11-27,1159947.0,791860.0
957,2022-11-28,1161297.0,792355.0
958,2022-11-29,1162865.0,792996.0
959,2022-11-30,1164734.0,793625.0
960,2022-12-01,1166503.0,794269.0
961,2022-12-02,1168495.0,795147.0
962,2022-12-03,1169974.0,795774.0
963,2022-12-04,1171111.0,796217.0
964,2022-12-05,1172721.0,796745.0
965,2022-12-06,1174228.0,797186.0
966,2022-12-07,1175619.0,797709.0
967,2022-12-08,1177269.0,798366.0
968,2022-12-09,1179042.0,799079.0
969,2022-12-10,1180496.0,799658.0
970,2022-12-11,1181666.0,800151.0
971,2022-12-12,1183080.0,800651.0
972,2022-12-13,1184559.0,801205.0
973,2022-12-14,1186230.0,801890.0
974,2022-12-15,1188176.0,802688.0
975,2022-12-16,1190078.0,803542.0
976,2022-12-17,1192689.0,803904.0
977,2022-12-18,1193898.0,804390.0
978,2022-12-19,1195396.0,804983.0
979,2022-12-20,1196923.0,805597.0
980,2022-12-21,1198449.0,806198.0
981,2022-12-22,1199967.0,806857.0
982,2022-12-23,1201552.0,807476.0
983,2022-12-24,1202755.0,807856.0
984,2022-12-25,1203334.0,808110.0
985,2022-12-26,1204498.0,808518.0
986,2022-12-27,1205647.0,808933.0
987,2022-12-28,1206907.0,809394.0
988,2022-12-29,1208402.0,809994.0
989,2022-12-30,1210204.0,810558.0
990,2022-12-31,1211521.0,810947.0
991,2023-01-01,1212266.0,811209.0
992,2023-01-02,1213826.0,811665.0
993,2023-01-03,1215497.0,812132.0
994,2023-01-04,1217051.0,812641.0
995,2023-01-05,1218884.0,813287.0
996,2023-01-06,1220589.0,813914.0
997,2023-01-07,1221832.0,814377.0
998,2023-01-08,1222838.0,814736.0
999,2023-01-09,1224468.0,815171.0
1000,2023-01-10,1226049.0,815636.0
1001,2023-01-11,1227513.0,816127.0
1002,2023-01-12,1229066.0,816604.0
1003,2023-01-13,1231154.0,817316.0
1004,2023-01-14,1232536.0,817836.0
1005,2023-01-15,1233759.0,818252.0
1006,2023-01-16,1235516.0,818737.0
